"id","class"
1,pos
2,pos
3,pos
4,pos
5,pos
6,pos
7,pos
8,pos
9,pos
10,pos
11,pos
12,pos
13,pos
14,pos
15,pos
16,pos
17,pos
18,pos
19,pos
20,pos
21,pos
22,pos
23,pos
24,pos
25,pos
26,pos
27,pos
28,pos
29,pos
30,pos
31,pos
32,pos
33,pos
34,pos
35,pos
36,pos
37,pos
38,pos
39,pos
40,pos
41,pos
42,pos
43,pos
44,pos
45,pos
46,pos
47,pos
48,pos
49,pos
50,pos
51,pos
52,pos
53,pos
54,pos
55,pos
56,pos
57,pos
58,pos
59,pos
60,pos
61,pos
62,pos
63,pos
64,pos
65,pos
66,pos
67,pos
68,pos
69,pos
70,pos
71,pos
72,pos
73,pos
74,pos
75,pos
76,pos
77,pos
78,pos
79,pos
80,pos
81,pos
82,pos
83,pos
84,pos
85,pos
86,pos
87,pos
88,pos
89,pos
90,pos
91,pos
92,pos
93,pos
94,pos
95,pos
96,pos
97,pos
98,pos
99,pos
100,pos
101,pos
102,pos
103,pos
104,pos
105,pos
106,pos
107,pos
108,pos
109,pos
110,pos
111,pos
112,pos
113,pos
114,pos
115,pos
116,pos
117,pos
118,pos
119,pos
120,pos
121,pos
122,pos
123,pos
124,pos
125,pos
126,pos
127,pos
128,pos
129,pos
130,pos
131,pos
132,pos
133,pos
134,pos
135,pos
136,pos
137,pos
138,pos
139,pos
140,pos
141,pos
142,pos
143,pos
144,pos
145,pos
146,pos
147,pos
148,pos
149,pos
150,pos
151,pos
152,pos
153,pos
154,pos
155,pos
156,pos
157,pos
158,pos
159,pos
160,pos
161,pos
162,pos
163,pos
164,pos
165,pos
166,pos
167,pos
168,pos
169,pos
170,pos
171,pos
172,pos
173,pos
174,pos
175,pos
176,pos
177,pos
178,pos
179,pos
180,pos
181,pos
182,pos
183,pos
184,pos
185,pos
186,pos
187,pos
188,pos
189,pos
190,pos
191,pos
192,pos
193,pos
194,pos
195,pos
196,pos
197,pos
198,pos
199,pos
200,pos
201,pos
202,pos
203,pos
204,pos
205,pos
206,pos
207,pos
208,pos
209,pos
210,pos
211,pos
212,pos
213,pos
214,pos
215,pos
216,pos
217,pos
218,pos
219,pos
220,pos
221,pos
222,pos
223,pos
224,pos
225,pos
226,pos
227,pos
228,pos
229,pos
230,pos
231,pos
232,pos
233,pos
234,pos
235,pos
236,pos
237,pos
238,pos
239,pos
240,pos
241,pos
242,pos
243,pos
244,pos
245,pos
246,pos
247,pos
248,pos
249,pos
250,pos
251,pos
252,pos
253,pos
254,pos
255,pos
256,pos
257,pos
258,pos
259,pos
260,pos
261,pos
262,pos
263,pos
264,pos
265,pos
266,pos
267,pos
268,pos
269,pos
270,pos
271,pos
272,pos
273,pos
274,pos
275,pos
276,pos
277,pos
278,pos
279,pos
280,pos
281,pos
282,pos
283,pos
284,pos
285,pos
286,pos
287,pos
288,pos
289,pos
290,pos
291,pos
292,pos
293,pos
294,pos
295,pos
296,pos
297,pos
298,pos
299,pos
300,pos
301,pos
302,pos
303,pos
304,pos
305,pos
306,pos
307,pos
308,pos
309,pos
310,pos
311,pos
312,pos
313,pos
314,pos
315,pos
316,pos
317,pos
318,pos
319,pos
320,pos
321,pos
322,pos
323,pos
324,pos
325,pos
326,pos
327,pos
328,pos
329,pos
330,pos
331,pos
332,pos
333,pos
334,pos
335,pos
336,pos
337,pos
338,pos
339,pos
340,pos
341,pos
342,pos
343,pos
344,pos
345,pos
346,pos
347,pos
348,pos
349,pos
350,pos
351,pos
352,pos
353,pos
354,pos
355,pos
356,pos
357,pos
358,pos
359,pos
360,pos
361,pos
362,pos
363,pos
364,pos
365,pos
366,pos
367,pos
368,pos
369,pos
370,pos
371,pos
372,pos
373,pos
374,pos
375,pos
376,pos
377,pos
378,pos
379,pos
380,pos
381,pos
382,pos
383,pos
384,pos
385,pos
386,pos
387,pos
388,pos
389,pos
390,pos
391,pos
392,pos
393,pos
394,pos
395,pos
396,pos
397,pos
398,pos
399,pos
400,pos
401,pos
402,pos
403,pos
404,pos
405,pos
406,pos
407,pos
408,pos
409,pos
410,pos
411,pos
412,pos
413,pos
414,pos
415,pos
416,pos
417,pos
418,pos
419,pos
420,pos
421,pos
422,pos
423,pos
424,pos
425,pos
426,pos
427,pos
428,pos
429,pos
430,pos
431,pos
432,pos
433,pos
434,pos
435,pos
436,pos
437,pos
438,pos
439,pos
440,pos
441,pos
442,pos
443,pos
444,pos
445,pos
446,pos
447,pos
448,pos
449,pos
450,pos
451,pos
452,pos
453,pos
454,pos
455,pos
456,pos
457,pos
458,pos
459,pos
460,pos
461,pos
462,pos
463,pos
464,pos
465,pos
466,pos
467,pos
468,pos
469,pos
470,pos
471,pos
472,pos
473,pos
474,pos
475,pos
476,pos
477,pos
478,pos
479,pos
480,pos
481,pos
482,pos
483,pos
484,pos
485,pos
486,pos
487,pos
488,pos
489,pos
490,pos
491,pos
492,pos
493,pos
494,pos
495,pos
496,pos
497,pos
498,pos
499,pos
500,pos
501,pos
502,pos
503,pos
504,pos
505,pos
506,pos
507,pos
508,pos
509,pos
510,pos
511,pos
512,pos
513,pos
514,pos
515,pos
516,pos
517,pos
518,pos
519,pos
520,pos
521,pos
522,pos
523,pos
524,pos
525,pos
526,pos
527,pos
528,pos
529,pos
530,pos
531,pos
532,pos
533,pos
534,pos
535,pos
536,pos
537,pos
538,pos
539,pos
540,pos
541,pos
542,pos
543,pos
544,pos
545,pos
546,pos
547,pos
548,pos
549,pos
550,pos
551,pos
552,pos
553,pos
554,pos
555,pos
556,pos
557,pos
558,pos
559,pos
560,pos
561,pos
562,pos
563,pos
564,pos
565,pos
566,neg
567,neg
568,neg
569,neg
570,neg
571,neg
572,neg
573,neg
574,neg
575,neg
576,neg
577,neg
578,neg
579,neg
580,neg
581,neg
582,neg
583,neg
584,neg
585,neg
586,neg
587,neg
588,neg
589,neg
590,neg
591,neg
592,neg
593,neg
594,neg
595,neg
596,neg
597,neg
598,neg
599,neg
600,neg
601,neg
602,neg
603,neg
604,neg
605,neg
606,neg
607,neg
608,neg
609,neg
610,neg
611,neg
612,neg
613,neg
614,neg
615,neg
616,neg
617,neg
618,neg
619,neg
620,neg
621,neg
622,neg
623,neg
624,neg
625,neg
626,neg
627,neg
628,neg
629,neg
630,neg
631,neg
632,neg
633,neg
634,neg
635,neg
636,neg
637,neg
638,neg
639,neg
640,neg
641,neg
642,neg
643,neg
644,neg
645,neg
646,neg
647,neg
648,neg
649,neg
650,neg
651,neg
652,neg
653,neg
654,neg
655,neg
656,neg
657,neg
658,neg
659,neg
660,neg
661,neg
662,neg
663,neg
664,neg
665,neg
666,neg
667,neg
668,neg
669,neg
670,neg
671,neg
672,neg
673,neg
674,neg
675,neg
676,neg
677,neg
678,neg
679,neg
680,neg
681,neg
682,neg
683,neg
684,neg
685,neg
686,neg
687,neg
688,neg
689,neg
690,neg
691,neg
692,neg
693,neg
694,neg
695,neg
696,neg
697,neg
698,neg
699,neg
700,neg
701,neg
702,neg
703,neg
704,neg
705,neg
706,neg
707,neg
708,neg
709,neg
710,neg
711,neg
712,neg
713,neg
714,neg
715,neg
716,neg
717,neg
718,neg
719,neg
720,neg
721,neg
722,neg
723,neg
724,neg
725,neg
726,neg
727,neg
728,neg
729,neg
730,neg
731,neg
732,neg
733,neg
734,neg
735,neg
736,neg
737,neg
738,neg
739,neg
740,neg
741,neg
742,neg
743,neg
744,neg
745,neg
746,neg
747,neg
748,neg
749,neg
750,neg
751,neg
752,neg
753,neg
754,neg
755,neg
756,neg
757,neg
758,neg
759,neg
760,neg
761,neg
762,neg
763,neg
764,neg
765,neg
766,neg
767,neg
768,neg
769,neg
770,neg
771,neg
772,neg
773,neg
774,neg
775,neg
776,neg
777,neg
778,neg
779,neg
780,neg
781,neg
782,neg
783,neg
784,neg
785,neg
786,neg
787,neg
788,neg
789,neg
790,neg
791,neg
792,neg
793,neg
794,neg
795,neg
796,neg
797,neg
798,neg
799,neg
800,neg
801,neg
802,neg
803,neg
804,neg
805,neg
806,neg
807,neg
808,neg
809,neg
810,neg
811,neg
812,neg
813,neg
814,neg
815,neg
816,neg
817,neg
818,neg
819,neg
820,neg
821,neg
822,neg
823,neg
824,neg
825,neg
826,neg
827,neg
828,neg
829,neg
830,neg
831,neg
832,neg
833,neg
834,neg
835,neg
836,neg
837,neg
838,neg
839,neg
840,neg
841,neg
842,neg
843,neg
844,neg
845,neg
846,neg
847,neg
848,neg
849,neg
850,neg
851,neg
852,neg
853,neg
854,neg
855,neg
856,neg
857,neg
858,neg
859,neg
860,neg
861,neg
862,neg
863,neg
864,neg
865,neg
866,neg
867,neg
868,neg
869,neg
870,neg
871,neg
872,neg
873,neg
874,neg
875,neg
876,neg
877,neg
878,neg
879,neg
880,neg
881,neg
882,neg
883,neg
884,neg
885,neg
886,neg
887,neg
888,neg
889,neg
890,neg
891,neg
892,neg
893,neg
894,neg
895,neg
896,neg
897,neg
898,neg
899,neg
900,neg
901,neg
902,neg
903,neg
904,neg
905,neg
906,neg
907,neg
908,neg
909,neg
910,neg
911,neg
912,neg
913,neg
914,neg
915,neg
916,neg
917,neg
918,neg
919,neg
920,neg
921,neg
922,neg
923,neg
924,neg
925,neg
926,neg
927,neg
928,neg
929,neg
930,neg
931,neg
932,neg
933,neg
934,neg
935,neg
936,neg
937,neg
938,neg
939,neg
940,neg
941,neg
942,neg
943,neg
944,neg
945,neg
946,neg
947,neg
948,neg
949,neg
950,neg
951,neg
952,neg
953,neg
954,neg
955,neg
956,neg
957,neg
958,neg
959,neg
960,neg
961,neg
962,neg
963,neg
964,neg
965,neg
966,neg
967,neg
968,neg
969,neg
970,neg
971,neg
972,neg
973,neg
974,neg
975,neg
976,neg
977,neg
978,neg
979,neg
980,neg
981,neg
982,neg
983,neg
984,neg
985,neg
986,neg
987,neg
988,neg
989,neg
990,neg
991,neg
992,neg
993,neg
994,neg
995,neg
996,neg
997,neg
998,neg
999,neg
1000,neg
1001,neg
1002,neg
1003,neg
1004,neg
1005,neg
1006,neg
1007,neg
1008,neg
1009,neg
1010,neg
1011,neg
1012,neg
1013,neg
1014,neg
1015,neg
1016,neg
1017,neg
1018,neg
1019,neg
1020,neg
1021,neg
1022,neg
1023,neg
1024,neg
1025,neg
1026,neg
1027,neg
1028,neg
1029,neg
1030,neg
1031,neg
1032,neg
1033,neg
1034,neg
1035,neg
1036,neg
1037,neg
1038,neg
1039,neg
1040,neg
1041,neg
1042,neg
1043,neg
1044,neg
1045,neg
1046,neg
1047,neg
1048,neg
1049,neg
1050,neg
1051,neg
1052,neg
1053,neg
1054,neg
1055,neg
1056,neg
1057,neg
1058,neg
1059,neg
1060,neg
1061,neg
1062,neg
1063,neg
1064,neg
1065,neg
1066,neg
1067,neg
1068,neg
1069,neg
1070,neg
1071,neg
1072,neg
1073,neg
1074,neg
1075,neg
1076,neg
1077,neg
1078,neg
1079,neg
1080,neg
1081,neg
1082,neg
1083,neg
1084,neg
1085,neg
1086,neg
1087,neg
1088,neg
1089,neg
1090,neg
1091,neg
1092,neg
1093,neg
1094,neg
1095,neg
1096,neg
1097,neg
1098,neg
1099,neg
1100,neg
1101,neg
1102,neg
1103,neg
1104,neg
1105,neg
1106,neg
1107,neg
1108,neg
1109,neg
1110,neg
1111,neg
1112,neg
1113,neg
1114,neg
1115,neg
1116,neg
1117,neg
1118,neg
1119,neg
1120,neg
1121,neg
1122,neg
1123,neg
1124,neg
1125,neg
1126,neg
1127,neg
1128,neg
1129,neg
1130,neg
